Name,title,coding
t3_jylwbj,'Not how the Constitution works:' Federal judge dismisses Trump bid to stop Pennsylvania vote certification,
t3_jyj6sy,AP Fact Check: Trump's flailing effort resting on mendacity,
t3_jyevyz,Biden's popular vote lead over Trump stretches to more than 6m,
t3_jyl8ow,Judge throws out Trump bid to stop PA vote certification,
t3_jyewe9,"Plagued by COVID outbreaks, the meatpacking industry could be forced to change under Biden",
t3_jyacke,"Rudy Giuliani's quixotic frenzy has observers wondering if he may need Trump's protection | ""One explanation? He needs a pardon and he's trying to earn it,"" a CNN analyst says",
t3_jyaidt,The Danger (and Ineptitude) of Trump’s Failed Coup,
t3_jxwqi6,'Call his bluff': Edward Norton lays out poker-style Trump analysis we never expected,
t3_jyk7x7,Trump campaign again seeks to stop certification of Pennsylvania's election results,
t3_jxv07i,"Ivanka Trump: How Dare You Investigate My Father for Tax Fraud, Which He Definitely Didn’t Use Me to Commit",
t3_jy3mhv,Biden's margin of victory over Trump surpasses 6 million votes,
t3_jydi88,The Fed Could Help Cash-Strapped Cities and States. Mnuchin Has Other Ideas. | The lame-duck Treasury secretary seems to want to sabotage Biden’s ability to stave off the pandemic’s economic impacts.,
t3_jym2i2,Judge tosses 'speculative' Trump lawsuit challenging Biden win in Pennsylvania,
t3_jya174,Judge slaps down Trump appointee who has sought to reshape Voice of America and related agencies,
t3_jyedlw,Biden team solicits donations to fund presidential transition as Trump administration blocks federal money,
t3_jxv4xn,More GOP Senators Have COVID Than Have Acknowledged That Joe Biden Won,
t3_jybvym,Biden's lead over Trump surpasses 6M votes as more ballots are tallied,
t3_jyee44,Trump to lose @POTUS Twitter account on January 20,
t3_jylm46,Federal judge tosses Trump suit over Pennsylvania election results,
t3_jycgfg,"Shame the Random, Unknown Government Officials Aiding Trump’s Coup Attempt",
t3_jxxiya,Trump refuses to take questions after falsely claiming he won election in first media appearance in weeks. No sitting US president has falsely claimed an election victory from the Brady Briefing Room. Until Friday,
t3_jyl2il,Joe Biden wants a $15 minimum wage — here’s what’s standing in his way,
t3_jy1qop,"After Trump meeting, Michigan GOP leaders say Biden's win still stands",
t3_jy46k6,Letters to the Editor: Stop Donald Trump's coup. Impeach him again,
t3_jyl3zz,Judge throws out Trump bid to stop PA vote certification,
t3_jy9z3h,Trump tries to leverage power of office to subvert Biden win,
t3_jyjz6o,Trump privately plots his next act - including a potential 2024 rematch,
t3_jyaacw,Kayleigh McEnany’s Latest Trump Lie Is Firmly Debunked In Viral Video,
t3_jyd4va,Trump admits Michigan Congressmen met to discuss coup,
t3_jyamtf,Barack Obama: ‘Donald Trump and I tell very different stories about America’,
t3_jygj58,Joe Biden Turns 78 and Will Be the Oldest President — After Trump Broke the Record Right Before Him,
t3_jyi19h,Trump Is Staging a Comically Incompetent Coup — It would almost be possible to laugh at this debacle if the stakes weren’t so serious.,
t3_jygf1z,Biden could announce Cabinet picks as soon as next week,
t3_jy58b1,Senators who urged ‘voters to decide’ impeachment won’t admit Trump lost the election,
t3_jycwb6,"Meet Pennsylvania’s anger translator, and Donald Trump’s worst nightmare",
t3_jykr5a,Wisconsin Officials: Trump Observers Obstructing Recount,
t3_jyj1x6,'GOP made a bed of nails': Scaramucci on Republicans appeasing Trump,
t3_jyl6wx,"""Pathetic"": Geraldo Rivera mocked by TV anchors for suggesting ""The Trump"" as name for COVID vaccine",
t3_jyljff,Joy Reid: It looks like Republicans 'want to hand Biden mega crises' and a country that's broken,
t3_jy8elg,Most Republicans greet Trump’s push to overturn the election with a customary response: Silence,
t3_jylwcb,Wisconsin county election officials accuse Trump observers of obstructing recount,
t3_jyftsx,"Trump’s Pennsylvania Suit is ‘Incoherent Conspiracy,’ Voters Say",
t3_jy30hq,"U.S. Sen. Marsha Blackburn, a Trump ally, refers to Biden as 'president-elect'",
t3_jy38k5,CNN's Brianna Keilar rolls the tape on Donald Trump's history of baselessly claiming election fraud,
t3_jyby64,"Business and World Leaders Move On as Trump Fights to Reverse Election | President-elect Joseph R. Biden Jr. is seizing the moment, not to aggressively confront the president he defeated, but to act presidential in his stead.",
t3_jydlai,Biden to Work to End Executions as Government Sets 3 More,
t3_jy06aa,"After Trump meeting, Michigan GOP lawmakers say they’re not aware of any info that would change Biden’s victory in state",
t3_jyh4cs,"As world leaders meet to talk pandemic, Trump checks out and hits the links",
t3_jygefw,Who needs Russia? Loudest attacks on US vote are from Trump,
t3_jyiofw,Sen. Graham says Biden should have access to classified intelligence briefings,
t3_jylf6m,U.S. judge dismisses Trump lawsuit challenging Pennsylvania mail-in votes,
t3_jylyvf,Judge throws out President Trump's bid to stop Pennsylvania vote certification,
t3_jykoxb,Pete Buttigieg May Be Contender For Biden’s Cabinet | NBC News NOW,
t3_jxybf2,'Certify the Results!': Michigan Lawmakers Blasted for 'Legitimizing a Fascist Coup Attempt' by Meeting With Trump,
t3_jy9p2e,Steve Mnuchin Is Doing His Part to Sabotage the Biden Administration on His Way out the Door,
t3_jykdgu,Trump denies Georgia's results after hand recount; prompts concerns over January's Senate runoff,
t3_jyluya,Life after QAnon: Trump's loss allows some to escape conspiracy cult's grip,
t3_jybdm3,Trump Takes Another L: Michigan GOPers Say No To Election Steal,
t3_jyj5z6,Detroit voters sue Donald Trump over unsubstantiated claims of voter fraud,
t3_jyle31,'Certify the Results!': GOP Michigan Lawmakers Blasted for 'Legitimizing a Fascist Coup Attempt' by Meeting With Trump,
t3_jyk8mk,‘My Frustration Turned Into Anger.’ Some Americans Who Lost Family Members to COVID-19 Have Turned Against Donald Trump,
t3_jy853m,US Chamber of Commerce chief calls on Trump to stop delaying transition to Biden presidency,
t3_jyv7ng,Spy Jonathan Pollard expected to fly to Israel after US lifts parole. Release marks latest gesture by departing Trump administration towards the Israeli government,
t3_jz3wcq,President-elect Joe Biden will announce cabinet picks Tuesday,
t3_jyy5hi,"Trump, the Saboteur. First a Tantrum, Then Taking Every Opportunity to Trash Our Government",
t3_jyxn3r,Hogan 'embarrassed that more people' in the GOP 'aren't speaking up' against Trump,
t3_jyomso,"GOP senator congratulates Biden, says Trump should accept results",
t3_jyno88,Pa. Senator Pat Toomey Says President Trump Has ‘Exhausted All Plausible Legal Options’,
t3_jysfhm,"Trump campaign requests recount of hand-recounted results in Georgia, which is unlikely to change outcome",
t3_jyvoq1,"Young voters set turnout record, aiding Biden win",
t3_jz5hlr,Chris Christie rips Trump's legal team as ‘national embarrassment’,
t3_jz071b,‘National Embarrassment’: Christie Blasts Trump’s Legal Team As Election Challenges Fizzle,
t3_jz5qcv,"Brian Stelter Slams Lara Trump For Declaring Trump Voters Don’t ‘Feel’ That He Lost - “Facts do not care about your feelings,” the CNN host said.",
t3_jyzf5a,Hogan: Trump making US look like a 'banana republic',
t3_jz3iys,"Small but growing number of Republicans tell Trump it's over: ""Stop golfing and concede""",
t3_jz227v,"GOP Senator Has Instructed Staff to Cooperate With Biden Transition, Says It's 'Past Time' for Trump to Do Same",
t3_jyvv5t,"Trump team requests another recount of Georgia’s presidential race, a day after results certified in Joe Biden’s victory",
t3_jyye3s,Climate Change One of Biden's Top Priorities,
t3_jz0eog,"In Public, Trump Still Claims He Won. In Private, Aides Say He’s Planning for Life After Presidency.",
t3_jz1j0x,Chris Christie: Trump’s Legal Team Has Been a ‘National Embarrassment’,
t3_jz67og,Trump Yet to Answer One Press Question Since Election As GOP Pressure for His Concession to Biden Grows,
t3_jz404d,Team Trump offering 'fire hose' of conspiracy Kool-Aid for supporters,
t3_jyrsd4,America is being subjected to a stress test – and Republicans are failing | Most elected Republicans are refusing to stand up to Trump. Their cowardice is one of the worst betrayals of public trust in the history of our republic,
t3_jyzfzs,Chris Christie Says Trump's Legal Team Has Become a 'National Embarrassment',
t3_jz6unm,Lisa Murkowski calls on Trump to end court fights,
t3_jz72fx,"Murkowski calls on Trump to begin transition process, decries 'pressure campaign on state legislators'",
t3_jyzjg9,Congresswoman Liz Cheney is the latest Republican calling on Trump to prove fraud claims in court,
t3_jz4z41,"No, You Do Not Have to Feel the Trump Voter's Pain | There is no reason, after five and half years of untruths, dog-whistles, slurs and conspiracies, and weeks of Trump trying to undermine Biden’s win, to hug the people who want to disenfranchise you",
t3_jz6vh9,"Murkowski tells Trump: ""It is time to begin the full and formal transition process""",
t3_jz2pba,Small but growing number of Republicans tell Trump it’s over: “Stop golfing and concede”,
t3_jz088i,Trump team making false argument about his 2016 transition,
t3_jz65om,"Barack Obama on a Biden presidency, racism in the Trump era and what he misses about being president",
t3_jz3cid,Can Republicans Get Trump-Style Turnout Without Trump on the Ballot?,
t3_jz1a2t,"Trump Lawyer Sidney Powell Says Georgia Election Lawsuit 'Will Be Biblical,' Suggests GOP Governor Helped Biden",
t3_jyzx05,Latino Democrats tell Mexican president to get with the program and back Biden,
t3_jz32ir,"Larry Hogan to Trump: 'Stop golfing and concede' the election 'If you had done your job, America's governors wouldn't have been forced to fend for themselve,' Hogan said",
t3_jz6gek,Trump campaign cuts Sidney Powell from president’s legal team - The abrupt shake-up comes as Powell makes far-fetched and unsupported claims of voter fraud in the 2020 elections.,
t3_jyxpbd,Trump Campaign Lawyers Step Up but Are Swiftly Knocked Down,
t3_jyuup3,Trump Wonders Why Joe Biden Is Forming A Cabinet In Latest Tweet Screed,
t3_jz5yna,Trump Campaign Disavows Its Own Election-Conspiracy Lawyer,
t3_jz2pci,Tapper: Judges are running out of pejoratives for Trump's legal efforts - CNN Video,
t3_jyzjov,Chris Christie dismissed Trump's legal team as 'a national embarrassment',
t3_jyy98l,"Stacey Abrams helped register 800,000 voters and flipped Georgia for Biden. Here's what anyone can learn from her ability to inspire and influence others.",
t3_jz1nzm,National Review Slams Trump’s Refusal To Concede As ‘A Bid For Infamy’ — The conservative magazine condemned the baseless lawsuits and conspiracies of the Trump legal team as a “profoundly undemocratic gambit.”,
t3_jz54v1,"Fifth GOP Senator congratulates Biden and Harris, says Trump has ""exhausted all"" Penn. legal options",
t3_jz2ofa,Miami Republicans won’t criticize baseless Trump claims of Venezuelan election rigging,
t3_jz3dde,Trump is in an unprecedented streak of silence,
t3_jz68im,Why a federal judge threw out Trump's Pennsylvania election lawsuit,
t3_jyvps6,Judge's devastating question for team Trump,
t3_jypw7q,"Out of 53 Republican senators, only two have stood up to Trump's attempt to overturn the election",
t3_jz1z65,‘Stop golfing and concede’: Trump and Maryland Gov. Hogan spar again after president criticizes South Korean tests,
t3_jymexa,RNC Backs Trump's Bogus Claims That He Won the Election,
t3_jz3bwt,Against Returning to Normal | Joe Biden positioned himself as the “return to normalcy” candidate. But normalcy is not something we can afford—we must actively resist it.,
t3_jyrnq8,States and Local Republicans standing up to Trump are putting National GOP leaders to shame,
t3_jz614o,Trump legal team disavows association with lawyer Sidney Powell,
t3_jyo5jb,"Pa. Sen. Toomey congratulates President-elect Joe Biden, calls on Trump to begin transition",
t3_jz5lhv,Attorney Heading Up Trump Campaign's Wisconsin Recount Effort is Seeking to Throw Out His Own Vote,
t3_jyvp60,"What lies ahead: After the damage of the Trump era, can America avoid disaster?",
t3_jz42uk,"Trump’s legal team cried vote fraud, but courts found none",
t3_jz2ux2,"#Resist was a success, in looking back at Trump's presidency",
t3_jz5a2y,Republicans quietly plot to sink Biden nominees,
t3_jz1k5h,Trump team making false argument about his 2016 transition,
t3_jz0vxg,Christie calls Trump's legal efforts a 'national embarrassment' as more Republicans speak out,
t3_jz0fch,Senators push to stop Trump administration’s proposed arms sale to UAE,
t3_jz003m,Chris Christie calls Trump's legal team a 'national embarrassment',
t3_jz0b6y,Claim that Trump 'was never given an orderly transition of power' is false,
t3_jyys5f,Republican Gov. Larry Hogan is 'embarrassed that more people in the party aren't speaking up' against Trump's refusal to concede,
t3_jz0nbc,Pressure grows from GOP for Trump to recognize Biden election win,
t3_jytj5f,"Trump or No Trump, Religious Authoritarianism Is Here to Stay",
t3_jz1lvu,Trump seeks expedited appeal of Pennsylvania ruling against effort to toss mail-in ballots,
t3_jys1yc,Trump’s tyranny is the moral equivalent of treason,
t3_jz3r4j,Trump appeals rejection of effort to block Pennsylvania vote,
t3_jyww10,Trump administration pulls out of Open Skies Treaty with Russia,
t3_jz3i4z,"""Stop golfing and concede"": Maryland GOP Governor Larry Hogan spars with Trump",
t3_jz0elw,President-elect Joe Biden to announce Cabinet picks Tuesday,
t3_jyxn1c,"Chris Christie: Trump's legal challenges against election results have been ""a national embarrassment""",
t3_jz5bfz,Trump campaign says Sidney Powell isn't a member of its legal team,
t3_jyxqd1,Chris Christie: Trump's legal team 'a national embarrassment',
t3_jymfwh,"Wisconsin election officials say Trump observers obstructing recount, some ‘clearly don’t know what they are doing’",
t3_jyx846,Sen. Toomey Congratulates Biden After Pennsylvania Judge Dismisses Trump Lawsuit,
t3_jyobrs,"On Parler, a pro-Trump call for Georgia runoff boycott threatens Mitch McConnell's plan to restrain Biden",
t3_jz6lhi,Threats to Election Officials Piled Up as President Trump Refused to Concede,
t3_jyy8fq,"Biden to name first Cabinet picks Tuesday, as Trump bemoans swift actions",
t3_jz055a,Rep. Jeffries: Trump is in a massive meltdown right now,
t3_jywjti,40% of Top Pentagon Positions Empty After Donald Trump's Firing of Mark Esper,
t3_jyn1np,"GOP civil war inspired by Trump grips Georgia, threatens other states",
t3_jyy0a9,Trump election challenges sound alarm among voters of color,
t3_jz0yry,"GOP Governor On Trump's Election Tantrum: Beginning To Look Like A 'Banana Republic' - ""Frankly, I'm embarrassed that more people in the party aren’t speaking up,"" Maryland Gov. Larry Hogan said.",
t3_jyxodl,U.S. courts find no voter fraud despite cries from Trump’s legal team,
t3_jyufn4,Trump’s quest to overturn election runs into quiet resistance from local and state Republicans,
t3_jyzl4l,Trump slams global climate agreement Biden intends to rejoin,
t3_jyw4pb,"Trump’s legal team cried vote fraud, but courts found none",
t3_jywlx5,"Biden's first Cabinet picks coming Tuesday, chief of staff Klain says",
t3_jz0akg,"Trump, GOP’s ridiculous, flailing coup isn’t a joke. It’s a crime. There must be consequences | Will Bunch",
t3_jz0b53,Trump tells G-20 world leaders that Paris climate accord was 'designed to kill the American economy',
t3_jywaur,"3 ‘dead’ Georgia voters in fact very much alive: Trump, Tucker Carlson get it wrong",
t3_jz3tl3,Michael J. Fox says Donald Trump has played on 'every worst instinct in mankind': 'Biff is president!',
t3_jyqowe,"Michiganders Erupt After Their Maskless Lawmakers Sip Dom Perignon At Trump Hotel - Michigan legislators celebrate together after secretive meeting with Trump, who has been plotting to overturn the state’s vote for Joe Biden.",
t3_jz4ivr,Nearly all Pa. counties expect to sign off on election results by Monday despite Trump’s attempts to delay certification,
t3_jynoak,"Release: Toomey Statement on PA Federal Court Decision, Congratulates President-elect Biden",
t3_jyxl4z,"Trump ally, former NJ governor Chris Christie: president’s election fraud claims are a ‘national embarrassment’",
t3_jyu2fl,The federal toll of Trump's failure to lead,
t3_jyyf6p,"'Unacceptable': Wisconsin Election Officials Say Trump Observers Hindering Recount With Constant Interruptions, Questions",
t3_jz38b8,"In Wisconsin recount, Trump challenges pile up, slow tally",
t3_jyvhg1,"Biden hits Trump for refusing to concede, says 'national mask mandate' discussed with govs",
t3_jz2dpu,Chris Christie calls the conduct of Trump’s legal team a ‘national embarrassment’,
t3_jz2hjq,Trump team making false argument about his 2016 transition,
t3_jz1pj8,Mao’s Lesson for Trump’s America | Beware of leaders willing to set their own country on fire.,
t3_jyzag6,"Chris Christie Calls Trump Legal Team ‘National Embarrassment,' Tells President to End Election Suits",
t3_jyvrie,"Trump's embarrassing, incompetent, humiliating, very sad coup",
t3_jz0az8,Pennsylvania GOP Sen. Toomey Says Trump Should Accept Election Loss,
t3_jz22oq,Hogan ramps up criticism of Trump: 'Stop golfing and concede',
t3_jz2mz3,Trump Campaign Didn’t Request a Recount in Wisconsin Counties Using Dominion Machines,
t3_jyvt2z,Wisconsin officials: Trump observers obstructing recount | Election officials overseeing the recount of presidential votes in Wisconsin’s largest county are accusing observers for President Donald Trump of unduly slowing the process,
t3_jz5ofk,Giuliani distances Trump campaign from attorney Sidney Powell,
t3_jyxlr4,Analysis: Donald Trump has left the world stage. Few will miss him,
t3_jywgwe,Republican senator congratulates Biden telling Trump to ‘accept outcome of election’,
t3_jyn72v,"""Joe Biden Way"" sign unveiled in Scranton",
t3_jz6fej,Trump campaign attempts to distance from conspiracy-theorist lawyer Sidney Powell,
t3_jyp99g,Biden Says Containing Pandemic Is Vital to Economic Recovery,
t3_jyuofr,Judge rules against Trump global media chief after firings | A federal judge has ruled against the head of the agency that runs the Voice of America and other U.S.-funded news outlets who was accused of trying to turn it into a propaganda vehicle to promote President Donald Trump’s agenda,
t3_jyxajt,"After Pennsylvania legal defeat, Trump digs in despite new pressure to concede election",
t3_jyxte1,"Trump’s Legal Team Cried Voter Fraud, But Courts Found None",
t3_jyp41a,Wisconsin election officials say Trump observers are obstructing the recount and interrupting vote counters,
t3_jyym78,"Biden will announce first Cabinet picks on Tuesday, chief of staff Klain says",
t3_jz61e3,Former Ohio Gov. John Kasich Says GOP Is 'Afraid' Of Trump,
t3_jz1bxs,Biden reaches out. The GOP slaps him in the face.,
t3_jz5oyu,Trump campaign says Sidney Powell not a member of legal team,
t3_jz265e,"Trump’s legal team cried vote fraud, but courts found none",
t3_jz52gp,'Stop golfing and concede': Gov. Hogan fires back on Pres. Trump's COVID test claims,
t3_jz0mm7,Bolton: 'Trump is throwing rocks through windows',
t3_jymtbq,Megathread: Judge Dismisses Trump Lawsuit Seeking to Delay Certification in Pennsylvania,
t3_jz73xa,Judge Dismisses Trump Campaign's Bid To Delay Vote Certification In Pennsylvania,
t3_jz4v45,"Longtime diplomat says Trump conspiracies hurt U.S. more than Russia, China",
t3_jz2555,"In last-gasp maneuver, Trump campaign tries to invalidate thousands of votes as Wisconsin recount gets underway",
t3_jz0mhl,Trump’s wildest claims are going nowhere in court. Thank legal ethics. Thank legal ethics. The president’s lawyers can’t make assertions without evidence in front of judges.,
t3_jz1ita,Biden adviser: Trump seeking to 'subvert the democratic system' with legal challenges,
t3_jyy5dt,"Facebook, Instagram Will Switch White House Accounts From Trump to Biden on Jan. 20",
t3_jyyaoi,"Trump Requests Georgia Recount, Meaning 5 Million Votes Will Be Tabulated A 3rd Time",
t3_jz557f,Pat Toomey: Trump Campaign Has Exhausted Legal Options and Biden Won,
t3_jz44bn,The Two Biggest Losers: Trump and Giuliani — The bigoted New York septuagenarians team up for one last hurrah.,
t3_jz2d5u,"Ronna McDaniel has reportedly warned Donald Trump Jr., Kimberly Guilfoyle could succeed her as RNC chair",
t3_jz3pdw,Wisconsin officials: Trump observers obstructing recount,
t3_jz3ay5,"Trump slams global climate agreement that Biden intends to rejoin, during G20 speech | CBC News",
t3_jz5ffr,Trump campaign says Sidney Powell not a member of legal team,
t3_jz1j6s,Missing links: Trump goes golfing in middle of G20 summit,
t3_jz55kh,"Biden Team, Pushing Quick Stimulus Deal, Prepares for Renewed Recession",
t3_jyvp5p,"Federal judge rejects Trump campaign's Pa. lawsuit with prejudice, saying it lacks factual proof",
t3_jyoleb,Kayleigh McEnany said Trump wasn't given an 'orderly transition of power' in 2016. He was.,
t3_jyyeac,Chris Christie Tears Into Trump's Legal Team: 'A National Embarrassment',
t3_jyx06u,Election Updates: Trump Campaign Faces Major Legal Setbacks; Biden Wins Certified,
t3_jywmds,"Split-screen: Biden preps to be president, Trump fights for the job he is ignoring",
t3_jz6dv5,Women set to take key roles in Biden administration,
t3_jyserv,"Pennsylvania GOP Sen. Pat Toomey Tells Trump It's Over, Congratulates Joe Biden",
t3_jz4wcx,"Young voters in the US turned out in record numbers in 2020, powering Biden's presidential victory",
t3_jyqcfr,"After Pennsylvania court defeat, Trump faces new pressure to concede election",
t3_jyxu4b,Biden advisor: 'He does not have any concern' about Trump lawsuits,
t3_jz6cus,Trump campaign purges conspiracy-theorist Sidney Powell from legal team,
t3_jz2hti,Biden opens the door to protecting the Arctic Refuge,
t3_jz0joa,"Top aide: Biden expected to visit Georgia in push to boost Ossoff, Warnock",
t3_jz5qol,Biden Plans to Move Fast With a ‘Climate Administration.’ Here’s How.,
t3_jz45sv,More key Republicans tell Trump to end delays. ‘Past time to start a transition’,
t3_jyunps,"Trump, laden with $400 million debts, plans to cash in on his post-presidency with a book deal, media appearances, and selling rally tickets, according to a report",
t3_jysd13,Ben Carson Confirms Trump’s Friends Get Better Coronavirus Treatments,
t3_jywxtu,Michigan GOP Congressman Tells Trump 'It's Over': 'The Voters Spoke',
t3_jz3ygy,"Refusing to concede, Trump pushes for another recount in Georgia",
t3_jz3bgw,Louis: Biden transition news is now the top priority,
t3_jynvr3,Detroit voters sue President Trump over his attempt to block certification of election results,
t3_jz6si6,Sidney Powell: Trump legal team disavows lawyer who claimed Venezuelan communists helped rig US election,
t3_jyxw7j,"Biden inauguration will be ‘scaled down’ because of coronavirus, chief of staff says",
t3_jyrw5r,Why President-elect Joe Biden should cancel the inaugural balls during COVID,
t3_jz6p3p,‘Stop Golfing And Concede’ | Gov. Larry Hogan Hits Back At President Trump’s Tweet On South Korea COVID-19 Tests,
t3_jyoi1n,"""Trump has exhausted all plausible legal options"": GOP Sen. Pat Toomey congratulates Biden",
t3_jz2622,Trump’s overarching Middle East strategy reaches a disastrous dead end,
t3_jyufz5,‘Something very historical’: Native Americans push for diverse Biden Cabinet,
t3_jz5jzx,Trump campaign says Sidney Powell not a member of legal team,
t3_jz5d4v,A Few More Hill GOPers Push Trump To Accept Reality As More Legal Battles Fall Flat,
t3_jyzr2m,A Republican judge just tore into Trump’s election lawyers for their incompetence. Trump’s lawyers asked a judge to disenfranchise nearly 7 million voters. It ended badly for Trump.,
t3_jyxvfq,Biden chief of staff says inauguration ‘not going to be the same’,
t3_jyx75d,House Democratic Caucus chairman: Trump's presidency was a 'scam',
t3_jyw2mu,Trump threatens to wreak havoc on the GOP from beyond the White House,
t3_jyyvlv,"Twitter Recognizes Biden as the Next @POTUS, Despite Trump's Denial",
t3_jz44h2,Bernie Sanders says GOP ‘has ceased to be a political party’ and is now a ‘cult’ in fiery rebuke of Trump fraud claims,
t3_jz739w,Wisconsin Trump Campaign Lawyer Trying to Throw Out His Own Vote,
t3_jyy2z6,Bolton calls on GOP leadership to label Trump's behavior 'inexcusable',
t3_jz3we3,The ‘last voice in the room.’ What will Kamala Harris do as Joe Biden’s vice president?,
t3_jyzg9r,Rudy Giuliani says election case losses help Trump campaign’s strategy to get ‘expeditiously’ to Supreme Court,
t3_jyx8pe,Biden aide says GSA holdup prevents background checks on cabinet picks,
t3_jyoq50,Trump calls on GOP state legislatures to overturn election results,
t3_jz3tv7,"Ronna McDaniel has reportedly warned Donald Trump Jr., Kimberly Guilfoyle could succeed her as RNC chair",
t3_jz7cgh,"Trump dumps Sydney Powell, lawyer who promised to ""blow up"" Georgia, as legal strategy unravels",
t3_jyo1za,Donald Trump appears to admit Covid is 'running wild' in the US,
t3_jyz8b3,"For U.S. election officials certifying results, Trump's refusal to concede has chilling consequences",
t3_jz3fxh,Claim that Trump 'was never given an orderly transition of power' is false,
t3_jyt5rw,Liz Cheney says Trump should respect ‘sanctity’ of election if he can’t prove claims in court,
t3_jyyy5l,"Biden inauguration will be scaled down amid COVID, aide says",
t3_jyn1nu,'Absolutely shameful': Schiff condemns Trump's golf outing,
t3_jyzx62,Trump faces pressure from Republicans to drop 'corrosive' fight to overturn election,
